{"average_return": -97.21456661260679, "entropy": -3.412107229232788, "_timestamp": 1701180840.792552, "_runtime": 461.0317199230194, "_step": 30}