{"average_return": 92.51585443530618, "entropy": 2.0540785789489746, "_timestamp": 1701174719.0370004, "_runtime": 97.97702145576477, "_step": 8, "_wandb": {"runtime": 112}}