{"average_return": -235.2022422889655, "entropy": 0.9003991484642029, "_timestamp": 1701179974.9695187, "_runtime": 190.63595962524414, "_step": 14}