{"average_return": -6.0324585745940364, "entropy": 0.0785418301820755, "mu": -0.005609859246760607, "sigma": 0.2552661597728729, "_timestamp": 1701206393.4560401, "_runtime": 102.18704915046692, "_step": 8}