{"average_return": 259.30593647417084, "entropy": 1.3887308835983276, "_timestamp": 1701175089.3939576, "_runtime": 297.22777557373047, "_step": 22}