{"average_return": -63.72517724225903, "entropy": 2.1099462509155273, "mu": 0.08331210166215897, "sigma": 2.0986266136169434, "_timestamp": 1701208193.8928094, "_runtime": 1795.749581336975, "_step": 61}