{"average_return": -90.35842267800383, "entropy": 3.4379847049713135, "mu": 3.0, "sigma": 7.389127731323242, "_timestamp": 1701206207.3964076, "_runtime": 882.4427347183228, "_step": 33}