{"average_return": -89.53895978155214, "entropy": -3.4206836223602295, "_timestamp": 1701174074.6040647, "_runtime": 16.241464614868164, "_step": 2}