{"average_return": -99.89999988078934, "entropy": -3.4302992820739746, "_timestamp": 1701180362.184823, "_runtime": 117.40090012550354, "_step": 9}