{"average_return": -99.8999999999986, "entropy": 3.4260201454162598, "_timestamp": 1701182672.9849496, "_runtime": 1521.4632775783539, "_step": 100, "_wandb": {"runtime": 1537}}