{"average_return": 1766.7691412298827, "entropy": 5.9363112449646, "_timestamp": 1701178040.6475823, "_runtime": 1453.824708223343, "_step": 100, "_wandb": {"runtime": 1467}}