{"average_return": -90.69660785846959, "entropy": 3.4491426944732666, "mu": 3.0, "sigma": 7.389127731323242, "_timestamp": 1701205257.124879, "_runtime": 1562.3928799629211, "_step": 100, "_wandb": {"runtime": 1579}}