{"average_return": 9355.981266519224, "entropy": 1.4676913022994995, "_timestamp": 1701176535.331466, "_runtime": 1423.7384259700775, "_step": 100, "_wandb": {"runtime": 1437}}