{"average_return": -89.57074671055682, "entropy": -3.4062094688415527, "_timestamp": 1701181147.0372307, "_runtime": 119.18077063560486, "_step": 9}