{"average_return": -99.8999999999986, "entropy": 3.411546230316162, "_timestamp": 1701184390.083772, "_runtime": 1436.8493790626526, "_step": 100, "_wandb": {"runtime": 1452}}