{"average_return": 9329.08632267528, "entropy": 5.693711757659912, "_timestamp": 1701179702.6091018, "_runtime": 1554.7066118717194, "_step": 100, "_wandb": {"runtime": 1568}}