{"average_return": -0.39892896875820477, "entropy": 1.337865948677063, "_timestamp": 1701180236.0019877, "_runtime": 169.87808966636658, "_step": 12}