{"average_return": 166.88373291375177, "entropy": 6.289148807525635, "_timestamp": 1701178117.0875232, "_runtime": 41.57017731666565, "_step": 4}